"AIRPORT","PHASE","RANGE_NM","SECTOR","SECTOR_LABEL","SECTOR_SEQ","BEARING_FROM","BEARING_TO"
"EDDF","ARR",40,"BRG000-085","ARR BRG000-085",1,0,85
"EDDF","ARR",40,"BRG085-215","ARR BRG085-215",2,85,215
"EDDF","ARR",40,"BRG215-310","ARR BRG215-310",3,215,310
"EDDF","ARR",40,"BRG310-000","ARR BRG310-000",4,310,0
"EDDF","ARR",100,"BRG000-090","ARR BRG000-090",1,0,90
"EDDF","ARR",100,"BRG090-145","ARR BRG090-145",2,90,145
"EDDF","ARR",100,"BRG145-215","ARR BRG145-215",3,145,215
"EDDF","ARR",100,"BRG215-305","ARR BRG215-305",4,215,305
"EDDF","ARR",100,"BRG305-000","ARR BRG305-000",5,305,0
"EDDM","ARR",40,"BRG000-080","ARR BRG000-080",1,0,80
"EDDM","ARR",40,"BRG080-160","ARR BRG080-160",2,80,160
"EDDM","ARR",40,"BRG160-260","ARR BRG160-260",3,160,260
"EDDM","ARR",40,"BRG260-000","ARR BRG260-000",4,260,0
"EDDM","ARR",100,"BRG075-160","ARR BRG075-160",1,75,160
"EDDM","ARR",100,"BRG160-220","ARR BRG160-220",2,160,220
"EDDM","ARR",100,"BRG220-270","ARR BRG220-270",3,220,270
"EDDM","ARR",100,"BRG270-340","ARR BRG270-340",4,270,340
"EDDM","ARR",100,"BRG340-075","ARR BRG340-075",5,340,75
"EGKK","ARR",40,"BRG000-170","ARR BRG000-170",1,0,170
"EGKK","ARR",40,"BRG170-265","ARR BRG170-265",2,170,265
"EGKK","ARR",40,"BRG265-000","ARR BRG265-000",3,265,0
"EGKK","ARR",100,"BRG000-100","ARR BRG000-100",1,0,100
"EGKK","ARR",100,"BRG100-170","ARR BRG100-170",2,100,170
"EGKK","ARR",100,"BRG170-285","ARR BRG170-285",3,170,285
"EGKK","ARR",100,"BRG285-000","ARR BRG285-000",4,285,0
"EGLL","ARR",40,"BRG000-105","ARR BRG000-105",1,0,105
"EGLL","ARR",40,"BRG105-170","ARR BRG105-170",2,105,170
"EGLL","ARR",40,"BRG170-235","ARR BRG170-235",3,170,235
"EGLL","ARR",40,"BRG235-285","ARR BRG235-285",4,235,285
"EGLL","ARR",40,"BRG285-000","ARR BRG285-000",5,285,0
"EGLL","ARR",100,"BRG000-110","ARR BRG000-110",1,0,110
"EGLL","ARR",100,"BRG110-170","ARR BRG110-170",2,110,170
"EGLL","ARR",100,"BRG170-235","ARR BRG170-235",3,170,235
"EGLL","ARR",100,"BRG235-295","ARR BRG235-295",4,235,295
"EGLL","ARR",100,"BRG295-000","ARR BRG295-000",5,295,0
"EHAM","ARR",40,"BRG000-150","ARR BRG000-150",1,0,150
"EHAM","ARR",40,"BRG150-255","ARR BRG150-255",2,150,255
"EHAM","ARR",40,"BRG255-000","ARR BRG255-000",3,255,0
"EHAM","ARR",100,"BRG000-070","ARR BRG000-070",1,0,70
"EHAM","ARR",100,"BRG070-145","ARR BRG070-145",2,70,145
"EHAM","ARR",100,"BRG145-240","ARR BRG145-240",3,145,240
"EHAM","ARR",100,"BRG240-000","ARR BRG240-000",4,240,0
"LEBL","ARR",40,"BRG055-150","ARR BRG055-150",1,55,150
"LEBL","ARR",40,"BRG150-260","ARR BRG150-260",2,150,260
"LEBL","ARR",40,"BRG260-330","ARR BRG260-330",3,260,330
"LEBL","ARR",40,"BRG330-055","ARR BRG330-055",4,330,55
"LEBL","ARR",100,"BRG035-080","ARR BRG035-080",1,35,80
"LEBL","ARR",100,"BRG080-140","ARR BRG080-140",2,80,140
"LEBL","ARR",100,"BRG140-210","ARR BRG140-210",3,140,210
"LEBL","ARR",100,"BRG210-255","ARR BRG210-255",4,210,255
"LEBL","ARR",100,"BRG255-325","ARR BRG255-325",5,255,325
"LEBL","ARR",100,"BRG325-035","ARR BRG325-035",6,325,35
"LEMD","ARR",40,"BRG000-155","ARR BRG000-155",1,0,155
"LEMD","ARR",40,"BRG155-255","ARR BRG155-255",2,155,255
"LEMD","ARR",40,"BRG255-295","ARR BRG255-295",3,255,295
"LEMD","ARR",40,"BRG295-000","ARR BRG295-000",4,295,0
"LEMD","ARR",100,"BRG010-055","ARR BRG010-055",1,10,55
"LEMD","ARR",100,"BRG055-150","ARR BRG055-150",2,55,150
"LEMD","ARR",100,"BRG150-240","ARR BRG150-240",3,150,240
"LEMD","ARR",100,"BRG240-275","ARR BRG240-275",4,240,275
"LEMD","ARR",100,"BRG275-325","ARR BRG275-325",5,275,325
"LEMD","ARR",100,"BRG325-010","ARR BRG325-010",6,325,10
"LFPG","ARR",40,"BRG000-090","ARR BRG000-090",1,0,90
"LFPG","ARR",40,"BRG090-180","ARR BRG090-180",2,90,180
"LFPG","ARR",40,"BRG180-270","ARR BRG180-270",3,180,270
"LFPG","ARR",40,"BRG270-000","ARR BRG270-000",4,270,0
"LFPG","ARR",100,"BRG000-095","ARR BRG000-095",1,0,95
"LFPG","ARR",100,"BRG095-180","ARR BRG095-180",2,95,180
"LFPG","ARR",100,"BRG180-260","ARR BRG180-260",3,180,260
"LFPG","ARR",100,"BRG260-295","ARR BRG260-295",4,260,295
"LFPG","ARR",100,"BRG295-000","ARR BRG295-000",5,295,0
"LGAV","ARR",40,"BRG025-095","ARR BRG025-095",1,25,95
"LGAV","ARR",40,"BRG095-165","ARR BRG095-165",2,95,165
"LGAV","ARR",40,"BRG165-210","ARR BRG165-210",3,165,210
"LGAV","ARR",40,"BRG210-285","ARR BRG210-285",4,210,285
"LGAV","ARR",40,"BRG285-025","ARR BRG285-025",5,285,25
"LGAV","ARR",100,"BRG035-090","ARR BRG035-090",1,35,90
"LGAV","ARR",100,"BRG090-225","ARR BRG090-225",2,90,225
"LGAV","ARR",100,"BRG225-300","ARR BRG225-300",3,225,300
"LGAV","ARR",100,"BRG300-035","ARR BRG300-035",4,300,35
"LIRF","ARR",40,"BRG040-170","ARR BRG040-170",1,40,170
"LIRF","ARR",40,"BRG170-285","ARR BRG170-285",2,170,285
"LIRF","ARR",40,"BRG285-345","ARR BRG285-345",3,285,345
"LIRF","ARR",40,"BRG345-040","ARR BRG345-040",4,345,40
"LIRF","ARR",100,"BRG040-080","ARR BRG040-080",1,40,80
"LIRF","ARR",100,"BRG080-205","ARR BRG080-205",2,80,205
"LIRF","ARR",100,"BRG205-280","ARR BRG205-280",3,205,280
"LIRF","ARR",100,"BRG280-340","ARR BRG280-340",4,280,340
"LIRF","ARR",100,"BRG340-040","ARR BRG340-040",5,340,40
"LSZH","ARR",40,"BRG035-115","ARR BRG035-115",1,35,115
"LSZH","ARR",40,"BRG115-195","ARR BRG115-195",2,115,195
"LSZH","ARR",40,"BRG195-255","ARR BRG195-255",3,195,255
"LSZH","ARR",40,"BRG255-320","ARR BRG255-320",4,255,320
"LSZH","ARR",40,"BRG320-035","ARR BRG320-035",5,320,35
"LSZH","ARR",100,"BRG050-120","ARR BRG050-120",1,50,120
"LSZH","ARR",100,"BRG120-195","ARR BRG120-195",2,120,195
"LSZH","ARR",100,"BRG195-260","ARR BRG195-260",3,195,260
"LSZH","ARR",100,"BRG260-335","ARR BRG260-335",4,260,335
"LSZH","ARR",100,"BRG335-050","ARR BRG335-050",5,335,50
"LTFM","ARR",40,"BRG030-090","ARR BRG030-090",1,30,90
"LTFM","ARR",40,"BRG090-190","ARR BRG090-190",2,90,190
"LTFM","ARR",40,"BRG190-330","ARR BRG190-330",3,190,330
"LTFM","ARR",40,"BRG330-030","ARR BRG330-030",4,330,30
"LTFM","ARR",100,"BRG030-130","ARR BRG030-130",1,30,130
"LTFM","ARR",100,"BRG130-185","ARR BRG130-185",2,130,185
"LTFM","ARR",100,"BRG185-320","ARR BRG185-320",3,185,320
"LTFM","ARR",100,"BRG320-030","ARR BRG320-030",4,320,30
